{"_timestamp":1.7637291216300104e+09,"learning_rate":1e-05,"grad_norm":0.4296875,"duration":45.634358406066895,"_runtime":888.796741387,"step":12,"mean_reward":1.0101562499999999,"num_finished_episodes":256,"_step":12,"success_rate/eval":0.8112206216830933,"loss":0.0020407820120453835,"entropy":0.24817073345184326,"std_reward":0.2859577776279874,"success_rate/train":0.91015625,"format_reward":1,"_wandb":{"runtime":888},"mean_response_len":201.4296875}